"sent_index","gap","gap_position","gap_numeric","filler_effect","err","dependency","language","lang_dep","model"
0,"no-gap","decl-comp",-0.5,0.832765579223633,0.0938706264685657,"Wh","Norwegian","Norwegian - Wh","GPT2"
0,"no-gap","decl-comp",-0.5,0.957274436950684,0.135608665513081,"RC","Norwegian","Norwegian - RC","GPT2"
0,"no-gap","decl-comp",-0.5,1.02368354797363,0.107014673487806,"Wh","English","English - Wh","GPT2"
0,"no-gap","whether-comp",-0.5,0.658318638801575,0.069164814533726,"Wh","English","English - Wh","GPT2"
0,"no-gap","whether-comp",-0.5,2.61924362182617,0.135330715124439,"Wh","Norwegian","Norwegian - Wh","GPT2"
0,"no-gap","whether-comp",-0.5,3.7722692489624,0.177966204451186,"RC","Norwegian","Norwegian - RC","GPT2"
0,"gap","decl-comp",0.5,-3.99080204963684,0.135608665513081,"RC","Norwegian","Norwegian - RC","GPT2"
0,"gap","decl-comp",0.5,-2.19812154769897,0.0938706264685657,"Wh","Norwegian","Norwegian - Wh","GPT2"
0,"gap","decl-comp",0.5,-1.73563647270203,0.107014673487806,"Wh","English","English - Wh","GPT2"
0,"gap","whether-comp",0.5,-2.66363894939423,0.177966204451186,"RC","Norwegian","Norwegian - RC","GPT2"
0,"gap","whether-comp",0.5,-2.34531784057617,0.135330715124439,"Wh","Norwegian","Norwegian - Wh","GPT2"
0,"gap","whether-comp",0.5,-0.484549880027771,0.069164814533726,"Wh","English","English - Wh","GPT2"
1,"no-gap","decl-comp",-0.5,0.510394096374512,0.0938706264685657,"Wh","Norwegian","Norwegian - Wh","GPT2"
1,"no-gap","decl-comp",-0.5,0.977542161941528,0.107014673487806,"Wh","English","English - Wh","GPT2"
1,"no-gap","decl-comp",-0.5,1.05058670043945,0.135608665513081,"RC","Norwegian","Norwegian - RC","GPT2"
1,"no-gap","whether-comp",-0.5,0.430041313171387,0.177966204451186,"RC","Norwegian","Norwegian - RC","GPT2"
1,"no-gap","whether-comp",-0.5,1.02451658248901,0.069164814533726,"Wh","English","English - Wh","GPT2"
1,"no-gap","whether-comp",-0.5,1.6694450378418,0.135330715124439,"Wh","Norwegian","Norwegian - Wh","GPT2"
1,"gap","decl-comp",0.5,-1.44169282913208,0.135608665513081,"RC","Norwegian","Norwegian - RC","GPT2"
1,"gap","decl-comp",0.5,-0.635719537734985,0.107014673487806,"Wh","English","English - Wh","GPT2"
1,"gap","decl-comp",0.5,-0.606469631195068,0.0938706264685657,"Wh","Norwegian","Norwegian - Wh","GPT2"
1,"gap","whether-comp",0.5,-1.82179617881775,0.135330715124439,"Wh","Norwegian","Norwegian - Wh","GPT2"
1,"gap","whether-comp",0.5,-1.3900134563446,0.177966204451186,"RC","Norwegian","Norwegian - RC","GPT2"
1,"gap","whether-comp",0.5,-0.600727677345276,0.069164814533726,"Wh","English","English - Wh","GPT2"
2,"no-gap","decl-comp",-0.5,0.291682362556458,0.107014673487806,"Wh","English","English - Wh","GPT2"
2,"no-gap","decl-comp",-0.5,2.30193138122559,0.0938706264685657,"Wh","Norwegian","Norwegian - Wh","GPT2"
2,"no-gap","decl-comp",-0.5,2.50353097915649,0.135608665513081,"RC","Norwegian","Norwegian - RC","GPT2"
2,"no-gap","whether-comp",-0.5,0.179388880729675,0.069164814533726,"Wh","English","English - Wh","GPT2"
2,"no-gap","whether-comp",-0.5,1.51170206069946,0.135330715124439,"Wh","Norwegian","Norwegian - Wh","GPT2"
2,"no-gap","whether-comp",-0.5,2.03772878646851,0.177966204451186,"RC","Norwegian","Norwegian - RC","GPT2"
2,"gap","decl-comp",0.5,-2.22734785079956,0.135608665513081,"RC","Norwegian","Norwegian - RC","GPT2"
2,"gap","decl-comp",0.5,-1.39226818084717,0.0938706264685657,"Wh","Norwegian","Norwegian - Wh","GPT2"
2,"gap","decl-comp",0.5,-1.01691156625748,0.107014673487806,"Wh","English","English - Wh","GPT2"
2,"gap","whether-comp",0.5,-2.55198645591736,0.177966204451186,"RC","Norwegian","Norwegian - RC","GPT2"
2,"gap","whether-comp",0.5,-1.42459154129028,0.135330715124439,"Wh","Norwegian","Norwegian - Wh","GPT2"
2,"gap","whether-comp",0.5,-0.336823403835295,0.069164814533726,"Wh","English","English - Wh","GPT2"
3,"no-gap","decl-comp",-0.5,0.0317268371582031,0.0938706264685657,"Wh","Norwegian","Norwegian - Wh","GPT2"
3,"no-gap","decl-comp",-0.5,0.495687365531921,0.107014673487806,"Wh","English","English - Wh","GPT2"
3,"no-gap","decl-comp",-0.5,0.909615516662598,0.135608665513081,"RC","Norwegian","Norwegian - RC","GPT2"
3,"no-gap","whether-comp",-0.5,0.381572365760803,0.069164814533726,"Wh","English","English - Wh","GPT2"
3,"no-gap","whether-comp",-0.5,0.683625936508179,0.135330715124439,"Wh","Norwegian","Norwegian - Wh","GPT2"
3,"no-gap","whether-comp",-0.5,2.10499167442322,0.177966204451186,"RC","Norwegian","Norwegian - RC","GPT2"
3,"gap","decl-comp",0.5,-1.1288332939148,0.135608665513081,"RC","Norwegian","Norwegian - RC","GPT2"
3,"gap","decl-comp",0.5,-0.956100940704346,0.0938706264685657,"Wh","Norwegian","Norwegian - Wh","GPT2"
3,"gap","decl-comp",0.5,0.506926894187927,0.107014673487806,"Wh","English","English - Wh","GPT2"
3,"gap","whether-comp",0.5,-1.77961254119873,0.177966204451186,"RC","Norwegian","Norwegian - RC","GPT2"
3,"gap","whether-comp",0.5,-1.63849496841431,0.135330715124439,"Wh","Norwegian","Norwegian - Wh","GPT2"
3,"gap","whether-comp",0.5,1.07611554861069,0.069164814533726,"Wh","English","English - Wh","GPT2"
4,"no-gap","decl-comp",-0.5,0.496286392211914,0.0938706264685657,"Wh","Norwegian","Norwegian - Wh","GPT2"
4,"no-gap","decl-comp",-0.5,1.01808905601501,0.107014673487806,"Wh","English","English - Wh","GPT2"
4,"no-gap","decl-comp",-0.5,3.54600977897644,0.135608665513081,"RC","Norwegian","Norwegian - RC","GPT2"
4,"no-gap","whether-comp",-0.5,-0.228509664535522,0.135330715124439,"Wh","Norwegian","Norwegian - Wh","GPT2"
4,"no-gap","whether-comp",-0.5,-0.140500545501709,0.069164814533726,"Wh","English","English - Wh","GPT2"
4,"no-gap","whether-comp",-0.5,4.64297199249268,0.177966204451186,"RC","Norwegian","Norwegian - RC","GPT2"
4,"gap","decl-comp",0.5,-0.310192108154297,0.107014673487806,"Wh","English","English - Wh","GPT2"
4,"gap","decl-comp",0.5,0.486117362976074,0.0938706264685657,"Wh","Norwegian","Norwegian - Wh","GPT2"
4,"gap","decl-comp",0.5,1.245192527771,0.135608665513081,"RC","Norwegian","Norwegian - RC","GPT2"
4,"gap","whether-comp",0.5,-0.227794170379639,0.069164814533726,"Wh","English","English - Wh","GPT2"
4,"gap","whether-comp",0.5,0.682393074035645,0.177966204451186,"RC","Norwegian","Norwegian - RC","GPT2"
4,"gap","whether-comp",0.5,0.793432235717773,0.135330715124439,"Wh","Norwegian","Norwegian - Wh","GPT2"
5,"no-gap","decl-comp",-0.5,-0.178308010101317,0.0938706264685657,"Wh","Norwegian","Norwegian - Wh","GPT2"
5,"no-gap","decl-comp",-0.5,0.224843859672546,0.107014673487806,"Wh","English","English - Wh","GPT2"
5,"no-gap","decl-comp",-0.5,0.345343589782715,0.135608665513081,"RC","Norwegian","Norwegian - RC","GPT2"
5,"no-gap","whether-comp",-0.5,0.052647590637207,0.135330715124439,"Wh","Norwegian","Norwegian - Wh","GPT2"
5,"no-gap","whether-comp",-0.5,0.0628548860549945,0.069164814533726,"Wh","English","English - Wh","GPT2"
5,"no-gap","whether-comp",-0.5,0.952288150787353,0.177966204451186,"RC","Norwegian","Norwegian - RC","GPT2"
5,"gap","decl-comp",0.5,-2.47992678871378,0.135608665513081,"RC","Norwegian","Norwegian - RC","GPT2"
5,"gap","decl-comp",0.5,-0.22947633266449,0.107014673487806,"Wh","English","English - Wh","GPT2"
5,"gap","decl-comp",0.5,-0.0896842502988875,0.0938706264685657,"Wh","Norwegian","Norwegian - Wh","GPT2"
5,"gap","whether-comp",0.5,-2.77996953576803,0.177966204451186,"RC","Norwegian","Norwegian - RC","GPT2"
5,"gap","whether-comp",0.5,-0.158359614433721,0.135330715124439,"Wh","Norwegian","Norwegian - Wh","GPT2"
5,"gap","whether-comp",0.5,0.16581118106842,0.069164814533726,"Wh","English","English - Wh","GPT2"
6,"no-gap","decl-comp",-0.5,0.545153617858887,0.135608665513081,"RC","Norwegian","Norwegian - RC","GPT2"
6,"no-gap","decl-comp",-0.5,0.728627443313599,0.0938706264685657,"Wh","Norwegian","Norwegian - Wh","GPT2"
6,"no-gap","decl-comp",-0.5,2.29493737220764,0.107014673487806,"Wh","English","English - Wh","GPT2"
6,"no-gap","whether-comp",-0.5,0.362113952636719,0.069164814533726,"Wh","English","English - Wh","GPT2"
6,"no-gap","whether-comp",-0.5,2.2363874912262,0.177966204451186,"RC","Norwegian","Norwegian - RC","GPT2"
6,"no-gap","whether-comp",-0.5,2.4147744178772,0.135330715124439,"Wh","Norwegian","Norwegian - Wh","GPT2"
6,"gap","decl-comp",0.5,-2.58006262779236,0.135608665513081,"RC","Norwegian","Norwegian - RC","GPT2"
6,"gap","decl-comp",0.5,-2.10679942369461,0.0938706264685657,"Wh","Norwegian","Norwegian - Wh","GPT2"
6,"gap","decl-comp",0.5,-1.3921867609024,0.107014673487806,"Wh","English","English - Wh","GPT2"
6,"gap","whether-comp",0.5,-1.59537869691849,0.177966204451186,"RC","Norwegian","Norwegian - RC","GPT2"
6,"gap","whether-comp",0.5,-1.14732217788696,0.135330715124439,"Wh","Norwegian","Norwegian - Wh","GPT2"
6,"gap","whether-comp",0.5,-0.290929675102234,0.069164814533726,"Wh","English","English - Wh","GPT2"
7,"no-gap","decl-comp",-0.5,-0.204618453979492,0.107014673487806,"Wh","English","English - Wh","GPT2"
7,"no-gap","decl-comp",-0.5,0.0862107276916504,0.0938706264685657,"Wh","Norwegian","Norwegian - Wh","GPT2"
7,"no-gap","decl-comp",-0.5,0.833878517150879,0.135608665513081,"RC","Norwegian","Norwegian - RC","GPT2"
7,"no-gap","whether-comp",-0.5,-0.0645027160644531,0.069164814533726,"Wh","English","English - Wh","GPT2"
7,"no-gap","whether-comp",-0.5,-0.0418696403503418,0.135330715124439,"Wh","Norwegian","Norwegian - Wh","GPT2"
7,"no-gap","whether-comp",-0.5,0.65958309173584,0.177966204451186,"RC","Norwegian","Norwegian - RC","GPT2"
7,"gap","decl-comp",0.5,-0.380245685577393,0.135608665513081,"RC","Norwegian","Norwegian - RC","GPT2"
7,"gap","decl-comp",0.5,0.0533313751220703,0.0938706264685657,"Wh","Norwegian","Norwegian - Wh","GPT2"
7,"gap","decl-comp",0.5,0.720594882965088,0.107014673487806,"Wh","English","English - Wh","GPT2"
7,"gap","whether-comp",0.5,-0.749766826629637,0.177966204451186,"RC","Norwegian","Norwegian - RC","GPT2"
7,"gap","whether-comp",0.5,-0.484130859375,0.135330715124439,"Wh","Norwegian","Norwegian - Wh","GPT2"
7,"gap","whether-comp",0.5,0.287507057189941,0.069164814533726,"Wh","English","English - Wh","GPT2"
8,"no-gap","decl-comp",-0.5,-0.859811305999756,0.107014673487806,"Wh","English","English - Wh","GPT2"
8,"no-gap","decl-comp",-0.5,0.065640449523924,0.0938706264685657,"Wh","Norwegian","Norwegian - Wh","GPT2"
8,"no-gap","decl-comp",-0.5,0.301589965820314,0.135608665513081,"RC","Norwegian","Norwegian - RC","GPT2"
8,"no-gap","whether-comp",-0.5,-0.984167814254761,0.069164814533726,"Wh","English","English - Wh","GPT2"
8,"no-gap","whether-comp",-0.5,0.396616935729979,0.135330715124439,"Wh","Norwegian","Norwegian - Wh","GPT2"
8,"no-gap","whether-comp",-0.5,0.662055969238283,0.177966204451186,"RC","Norwegian","Norwegian - RC","GPT2"
8,"gap","decl-comp",0.5,-0.384814023971558,0.107014673487806,"Wh","English","English - Wh","GPT2"
8,"gap","decl-comp",0.5,-0.0847883224487305,0.0938706264685657,"Wh","Norwegian","Norwegian - Wh","GPT2"
8,"gap","decl-comp",0.5,1.06048011779785,0.135608665513081,"RC","Norwegian","Norwegian - RC","GPT2"
8,"gap","whether-comp",0.5,-0.440736770629883,0.135330715124439,"Wh","Norwegian","Norwegian - Wh","GPT2"
8,"gap","whether-comp",0.5,-0.0948257446289045,0.069164814533726,"Wh","English","English - Wh","GPT2"
8,"gap","whether-comp",0.5,1.52771186828613,0.177966204451186,"RC","Norwegian","Norwegian - RC","GPT2"
9,"no-gap","decl-comp",-0.5,-0.709603905677795,0.135608665513081,"RC","Norwegian","Norwegian - RC","GPT2"
9,"no-gap","decl-comp",-0.5,-0.11178183555603,0.0938706264685657,"Wh","Norwegian","Norwegian - Wh","GPT2"
9,"no-gap","decl-comp",-0.5,0.314477562904358,0.107014673487806,"Wh","English","English - Wh","GPT2"
9,"no-gap","whether-comp",-0.5,-0.930594086647034,0.177966204451186,"RC","Norwegian","Norwegian - RC","GPT2"
9,"no-gap","whether-comp",-0.5,-0.0852916240692148,0.135330715124439,"Wh","Norwegian","Norwegian - Wh","GPT2"
9,"no-gap","whether-comp",-0.5,0.329359531402588,0.069164814533726,"Wh","English","English - Wh","GPT2"
9,"gap","decl-comp",0.5,-1.24722963571548,0.107014673487806,"Wh","English","English - Wh","GPT2"
9,"gap","decl-comp",0.5,-1.19712662696838,0.135608665513081,"RC","Norwegian","Norwegian - RC","GPT2"
9,"gap","decl-comp",0.5,-1.09685587882996,0.0938706264685657,"Wh","Norwegian","Norwegian - Wh","GPT2"
9,"gap","whether-comp",0.5,-1.38541877269745,0.177966204451186,"RC","Norwegian","Norwegian - RC","GPT2"
9,"gap","whether-comp",0.5,-1.36726230382919,0.135330715124439,"Wh","Norwegian","Norwegian - Wh","GPT2"
9,"gap","whether-comp",0.5,-0.945621907711029,0.069164814533726,"Wh","English","English - Wh","GPT2"
10,"no-gap","decl-comp",-0.5,-1.19429397583008,0.135608665513081,"RC","Norwegian","Norwegian - RC","GPT2"
10,"no-gap","decl-comp",-0.5,-0.385083198547362,0.0938706264685657,"Wh","Norwegian","Norwegian - Wh","GPT2"
10,"no-gap","decl-comp",-0.5,-0.235214352607727,0.107014673487806,"Wh","English","English - Wh","GPT2"
10,"no-gap","whether-comp",-0.5,-0.458745002746582,0.177966204451186,"RC","Norwegian","Norwegian - RC","GPT2"
10,"no-gap","whether-comp",-0.5,-0.189397573471069,0.069164814533726,"Wh","English","English - Wh","GPT2"
10,"no-gap","whether-comp",-0.5,0.410106658935547,0.135330715124439,"Wh","Norwegian","Norwegian - Wh","GPT2"
10,"gap","decl-comp",0.5,-1.15791094303131,0.135608665513081,"RC","Norwegian","Norwegian - RC","GPT2"
10,"gap","decl-comp",0.5,-0.148524761199951,0.107014673487806,"Wh","English","English - Wh","GPT2"
10,"gap","decl-comp",0.5,0.0849077105522156,0.0938706264685657,"Wh","Norwegian","Norwegian - Wh","GPT2"
10,"gap","whether-comp",0.5,-0.92447400093079,0.177966204451186,"RC","Norwegian","Norwegian - RC","GPT2"
10,"gap","whether-comp",0.5,-0.37355680949986,0.069164814533726,"Wh","English","English - Wh","GPT2"
10,"gap","whether-comp",0.5,-0.244343698024748,0.135330715124439,"Wh","Norwegian","Norwegian - Wh","GPT2"
11,"no-gap","decl-comp",-0.5,-0.593684196472168,0.0938706264685657,"Wh","Norwegian","Norwegian - Wh","GPT2"
11,"no-gap","decl-comp",-0.5,-0.00810670852661133,0.135608665513081,"RC","Norwegian","Norwegian - RC","GPT2"
11,"no-gap","decl-comp",-0.5,1.35905313491821,0.107014673487806,"Wh","English","English - Wh","GPT2"
11,"no-gap","whether-comp",-0.5,-0.341659069061279,0.177966204451186,"RC","Norwegian","Norwegian - RC","GPT2"
11,"no-gap","whether-comp",-0.5,-0.194819450378418,0.135330715124439,"Wh","Norwegian","Norwegian - Wh","GPT2"
11,"no-gap","whether-comp",-0.5,0.778371334075928,0.069164814533726,"Wh","English","English - Wh","GPT2"
11,"gap","decl-comp",0.5,-1.257737159729,0.135608665513081,"RC","Norwegian","Norwegian - RC","GPT2"
11,"gap","decl-comp",0.5,-0.825347900390625,0.0938706264685657,"Wh","Norwegian","Norwegian - Wh","GPT2"
11,"gap","decl-comp",0.5,-0.120156228542328,0.107014673487806,"Wh","English","English - Wh","GPT2"
11,"gap","whether-comp",0.5,-0.61206865310669,0.177966204451186,"RC","Norwegian","Norwegian - RC","GPT2"
11,"gap","whether-comp",0.5,0.0155191421508789,0.069164814533726,"Wh","English","English - Wh","GPT2"
11,"gap","whether-comp",0.5,0.0699491500854492,0.135330715124439,"Wh","Norwegian","Norwegian - Wh","GPT2"
12,"no-gap","decl-comp",-0.5,0.0711912512779236,0.0938706264685657,"Wh","Norwegian","Norwegian - Wh","GPT2"
12,"no-gap","decl-comp",-0.5,0.791496276855469,0.135608665513081,"RC","Norwegian","Norwegian - RC","GPT2"
12,"no-gap","decl-comp",-0.5,1.47743558883667,0.107014673487806,"Wh","English","English - Wh","GPT2"
12,"no-gap","whether-comp",-0.5,0.122856736183167,0.135330715124439,"Wh","Norwegian","Norwegian - Wh","GPT2"
12,"no-gap","whether-comp",-0.5,0.865943849086761,0.177966204451186,"RC","Norwegian","Norwegian - RC","GPT2"
12,"no-gap","whether-comp",-0.5,1.25069630146027,0.069164814533726,"Wh","English","English - Wh","GPT2"
12,"gap","decl-comp",0.5,-2.72920846939087,0.135608665513081,"RC","Norwegian","Norwegian - RC","GPT2"
12,"gap","decl-comp",0.5,-1.53121244907379,0.107014673487806,"Wh","English","English - Wh","GPT2"
12,"gap","decl-comp",0.5,-1.4461522102356,0.0938706264685657,"Wh","Norwegian","Norwegian - Wh","GPT2"
12,"gap","whether-comp",0.5,-2.51359009742737,0.177966204451186,"RC","Norwegian","Norwegian - RC","GPT2"
12,"gap","whether-comp",0.5,-1.22190570831299,0.135330715124439,"Wh","Norwegian","Norwegian - Wh","GPT2"
12,"gap","whether-comp",0.5,-0.99021852016449,0.069164814533726,"Wh","English","English - Wh","GPT2"
13,"no-gap","decl-comp",-0.5,-0.0361337661743164,0.0938706264685657,"Wh","Norwegian","Norwegian - Wh","GPT2"
13,"no-gap","decl-comp",-0.5,0.790195941925049,0.107014673487806,"Wh","English","English - Wh","GPT2"
13,"no-gap","decl-comp",-0.5,0.920611381530762,0.135608665513081,"RC","Norwegian","Norwegian - RC","GPT2"
13,"no-gap","whether-comp",-0.5,0.18162763118744,0.069164814533726,"Wh","English","English - Wh","GPT2"
13,"no-gap","whether-comp",-0.5,0.859367370605469,0.135330715124439,"Wh","Norwegian","Norwegian - Wh","GPT2"
13,"no-gap","whether-comp",-0.5,3.56718969345093,0.177966204451186,"RC","Norwegian","Norwegian - RC","GPT2"
13,"gap","decl-comp",0.5,-2.33096814155579,0.135608665513081,"RC","Norwegian","Norwegian - RC","GPT2"
13,"gap","decl-comp",0.5,-1.75673085451126,0.107014673487806,"Wh","English","English - Wh","GPT2"
13,"gap","decl-comp",0.5,-1.61385536193848,0.0938706264685657,"Wh","Norwegian","Norwegian - Wh","GPT2"
13,"gap","whether-comp",0.5,-2.21230363845825,0.177966204451186,"RC","Norwegian","Norwegian - RC","GPT2"
13,"gap","whether-comp",0.5,-1.80189824104309,0.135330715124439,"Wh","Norwegian","Norwegian - Wh","GPT2"
13,"gap","whether-comp",0.5,-0.657354116439819,0.069164814533726,"Wh","English","English - Wh","GPT2"
14,"no-gap","decl-comp",-0.5,-0.163080215454102,0.0938706264685657,"Wh","Norwegian","Norwegian - Wh","GPT2"
14,"no-gap","decl-comp",-0.5,0.958974838256832,0.135608665513081,"RC","Norwegian","Norwegian - RC","GPT2"
14,"no-gap","decl-comp",-0.5,1.96842956542969,0.107014673487806,"Wh","English","English - Wh","GPT2"
14,"no-gap","whether-comp",-0.5,0.15665245056152,0.135330715124439,"Wh","Norwegian","Norwegian - Wh","GPT2"
14,"no-gap","whether-comp",-0.5,0.822776198387146,0.069164814533726,"Wh","English","English - Wh","GPT2"
14,"no-gap","whether-comp",-0.5,1.88980484008789,0.177966204451186,"RC","Norwegian","Norwegian - RC","GPT2"
14,"gap","decl-comp",0.5,-2.08107087522512,0.135608665513081,"RC","Norwegian","Norwegian - RC","GPT2"
14,"gap","decl-comp",0.5,-1.32211049390025,0.0938706264685657,"Wh","Norwegian","Norwegian - Wh","GPT2"
14,"gap","decl-comp",0.5,-1.17882539704442,0.107014673487806,"Wh","English","English - Wh","GPT2"
14,"gap","whether-comp",0.5,-3.22180625749752,0.177966204451186,"RC","Norwegian","Norwegian - RC","GPT2"
14,"gap","whether-comp",0.5,-2.12076952098869,0.135330715124439,"Wh","Norwegian","Norwegian - Wh","GPT2"
14,"gap","whether-comp",0.5,-1.14723859354854,0.069164814533726,"Wh","English","English - Wh","GPT2"
15,"no-gap","decl-comp",-0.5,0.447178840637207,0.0938706264685657,"Wh","Norwegian","Norwegian - Wh","GPT2"
15,"no-gap","decl-comp",-0.5,0.606350421905518,0.107014673487806,"Wh","English","English - Wh","GPT2"
15,"no-gap","decl-comp",-0.5,1.03717517852783,0.135608665513081,"RC","Norwegian","Norwegian - RC","GPT2"
15,"no-gap","whether-comp",-0.5,0.102732181549072,0.069164814533726,"Wh","English","English - Wh","GPT2"
15,"no-gap","whether-comp",-0.5,0.553309440612793,0.135330715124439,"Wh","Norwegian","Norwegian - Wh","GPT2"
15,"no-gap","whether-comp",-0.5,1.87052249908447,0.177966204451186,"RC","Norwegian","Norwegian - RC","GPT2"
15,"gap","decl-comp",0.5,-0.578781604766846,0.135608665513081,"RC","Norwegian","Norwegian - RC","GPT2"
15,"gap","decl-comp",0.5,-0.538264274597168,0.107014673487806,"Wh","English","English - Wh","GPT2"
15,"gap","decl-comp",0.5,0.245931148529053,0.0938706264685657,"Wh","Norwegian","Norwegian - Wh","GPT2"
15,"gap","whether-comp",0.5,-1.20243072509766,0.177966204451186,"RC","Norwegian","Norwegian - RC","GPT2"
15,"gap","whether-comp",0.5,-0.447896003723145,0.069164814533726,"Wh","English","English - Wh","GPT2"
15,"gap","whether-comp",0.5,-0.135009288787842,0.135330715124439,"Wh","Norwegian","Norwegian - Wh","GPT2"
16,"no-gap","decl-comp",-0.5,-0.194619297981262,0.107014673487806,"Wh","English","English - Wh","GPT2"
16,"no-gap","decl-comp",-0.5,-0.0448532104492188,0.0938706264685657,"Wh","Norwegian","Norwegian - Wh","GPT2"
16,"no-gap","decl-comp",-0.5,0.377591609954834,0.135608665513081,"RC","Norwegian","Norwegian - RC","GPT2"
16,"no-gap","whether-comp",-0.5,-0.0823140144348145,0.069164814533726,"Wh","English","English - Wh","GPT2"
16,"no-gap","whether-comp",-0.5,0.153354644775391,0.135330715124439,"Wh","Norwegian","Norwegian - Wh","GPT2"
16,"no-gap","whether-comp",-0.5,1.02816486358643,0.177966204451186,"RC","Norwegian","Norwegian - RC","GPT2"
16,"gap","decl-comp",0.5,-0.134347140789032,0.107014673487806,"Wh","English","English - Wh","GPT2"
16,"gap","decl-comp",0.5,0.00670051574707031,0.0938706264685657,"Wh","Norwegian","Norwegian - Wh","GPT2"
16,"gap","decl-comp",0.5,0.0210027694702148,0.135608665513081,"RC","Norwegian","Norwegian - RC","GPT2"
16,"gap","whether-comp",0.5,-0.157854080200195,0.135330715124439,"Wh","Norwegian","Norwegian - Wh","GPT2"
16,"gap","whether-comp",0.5,0.113326072692871,0.177966204451186,"RC","Norwegian","Norwegian - RC","GPT2"
16,"gap","whether-comp",0.5,0.19191312789917,0.069164814533726,"Wh","English","English - Wh","GPT2"
17,"no-gap","decl-comp",-0.5,-0.680071830749512,0.107014673487806,"Wh","English","English - Wh","GPT2"
17,"no-gap","decl-comp",-0.5,0.662604331970215,0.135608665513081,"RC","Norwegian","Norwegian - RC","GPT2"
17,"no-gap","decl-comp",-0.5,0.718849182128904,0.0938706264685657,"Wh","Norwegian","Norwegian - Wh","GPT2"
17,"no-gap","whether-comp",-0.5,-0.61772358417511,0.069164814533726,"Wh","English","English - Wh","GPT2"
17,"no-gap","whether-comp",-0.5,0.735583305358887,0.135330715124439,"Wh","Norwegian","Norwegian - Wh","GPT2"
17,"no-gap","whether-comp",-0.5,0.91533613204956,0.177966204451186,"RC","Norwegian","Norwegian - RC","GPT2"
17,"gap","decl-comp",0.5,-0.960771560668945,0.0938706264685657,"Wh","Norwegian","Norwegian - Wh","GPT2"
17,"gap","decl-comp",0.5,-0.816237926483154,0.135608665513081,"RC","Norwegian","Norwegian - RC","GPT2"
17,"gap","decl-comp",0.5,0.447178840637207,0.107014673487806,"Wh","English","English - Wh","GPT2"
17,"gap","whether-comp",0.5,-0.493050575256348,0.177966204451186,"RC","Norwegian","Norwegian - RC","GPT2"
17,"gap","whether-comp",0.5,-0.0916194915771484,0.135330715124439,"Wh","Norwegian","Norwegian - Wh","GPT2"
17,"gap","whether-comp",0.5,0.321288108825684,0.069164814533726,"Wh","English","English - Wh","GPT2"
18,"no-gap","decl-comp",-0.5,0.116034507751467,0.0938706264685657,"Wh","Norwegian","Norwegian - Wh","GPT2"
18,"no-gap","decl-comp",-0.5,0.402351379394531,0.107014673487806,"Wh","English","English - Wh","GPT2"
18,"no-gap","decl-comp",-0.5,0.915878295898436,0.135608665513081,"RC","Norwegian","Norwegian - RC","GPT2"
18,"no-gap","whether-comp",-0.5,-0.107046127319334,0.177966204451186,"RC","Norwegian","Norwegian - RC","GPT2"
18,"no-gap","whether-comp",-0.5,0.0991525650024414,0.069164814533726,"Wh","English","English - Wh","GPT2"
18,"no-gap","whether-comp",-0.5,0.62288761138916,0.135330715124439,"Wh","Norwegian","Norwegian - Wh","GPT2"
18,"gap","decl-comp",0.5,-1.11945390701294,0.107014673487806,"Wh","English","English - Wh","GPT2"
18,"gap","decl-comp",0.5,-0.245691299438477,0.135608665513081,"RC","Norwegian","Norwegian - RC","GPT2"
18,"gap","decl-comp",0.5,-0.0214271545410174,0.0938706264685657,"Wh","Norwegian","Norwegian - Wh","GPT2"
18,"gap","whether-comp",0.5,-1.38427329063416,0.069164814533726,"Wh","English","English - Wh","GPT2"
18,"gap","whether-comp",0.5,0.0167765617370605,0.135330715124439,"Wh","Norwegian","Norwegian - Wh","GPT2"
18,"gap","whether-comp",0.5,0.476324558258057,0.177966204451186,"RC","Norwegian","Norwegian - RC","GPT2"
19,"no-gap","decl-comp",-0.5,-0.859642863273621,0.135608665513081,"RC","Norwegian","Norwegian - RC","GPT2"
19,"no-gap","decl-comp",-0.5,-0.198328018188477,0.0938706264685657,"Wh","Norwegian","Norwegian - Wh","GPT2"
19,"no-gap","decl-comp",-0.5,0.376821517944336,0.107014673487806,"Wh","English","English - Wh","GPT2"
19,"no-gap","whether-comp",-0.5,-0.2097128033638,0.177966204451186,"RC","Norwegian","Norwegian - RC","GPT2"
19,"no-gap","whether-comp",-0.5,-0.171632647514341,0.135330715124439,"Wh","Norwegian","Norwegian - Wh","GPT2"
19,"no-gap","whether-comp",-0.5,0.124878883361816,0.069164814533726,"Wh","English","English - Wh","GPT2"
19,"gap","decl-comp",0.5,-2.75626850128174,0.135608665513081,"RC","Norwegian","Norwegian - RC","GPT2"
19,"gap","decl-comp",0.5,-0.625663757324219,0.107014673487806,"Wh","English","English - Wh","GPT2"
19,"gap","decl-comp",0.5,-0.452180862426758,0.0938706264685657,"Wh","Norwegian","Norwegian - Wh","GPT2"
19,"gap","whether-comp",0.5,-0.639190435409546,0.069164814533726,"Wh","English","English - Wh","GPT2"
19,"gap","whether-comp",0.5,-0.437232971191406,0.177966204451186,"RC","Norwegian","Norwegian - RC","GPT2"
19,"gap","whether-comp",0.5,-0.396822929382324,0.135330715124439,"Wh","Norwegian","Norwegian - Wh","GPT2"
20,"no-gap","decl-comp",-0.5,-0.0517864227294922,0.0938706264685657,"Wh","Norwegian","Norwegian - Wh","GPT2"
20,"no-gap","decl-comp",-0.5,0.476227045059204,0.107014673487806,"Wh","English","English - Wh","GPT2"
20,"no-gap","decl-comp",-0.5,0.743885040283203,0.135608665513081,"RC","Norwegian","Norwegian - RC","GPT2"
20,"no-gap","whether-comp",-0.5,0.235132217407227,0.135330715124439,"Wh","Norwegian","Norwegian - Wh","GPT2"
20,"no-gap","whether-comp",-0.5,0.273407459259033,0.069164814533726,"Wh","English","English - Wh","GPT2"
20,"no-gap","whether-comp",-0.5,1.65374088287354,0.177966204451186,"RC","Norwegian","Norwegian - RC","GPT2"
20,"gap","decl-comp",0.5,-0.153929948806763,0.0938706264685657,"Wh","Norwegian","Norwegian - Wh","GPT2"
20,"gap","decl-comp",0.5,-0.0087285041809082,0.135608665513081,"RC","Norwegian","Norwegian - RC","GPT2"
20,"gap","decl-comp",0.5,0.123920202255249,0.107014673487806,"Wh","English","English - Wh","GPT2"
20,"gap","whether-comp",0.5,-0.170894622802734,0.069164814533726,"Wh","English","English - Wh","GPT2"
20,"gap","whether-comp",0.5,0.142618179321289,0.135330715124439,"Wh","Norwegian","Norwegian - Wh","GPT2"
20,"gap","whether-comp",0.5,0.466373443603517,0.177966204451186,"RC","Norwegian","Norwegian - RC","GPT2"
21,"no-gap","decl-comp",-0.5,-0.796256065368652,0.0938706264685657,"Wh","Norwegian","Norwegian - Wh","GPT2"
21,"no-gap","decl-comp",-0.5,-0.455261230468748,0.135608665513081,"RC","Norwegian","Norwegian - RC","GPT2"
21,"no-gap","decl-comp",-0.5,1.29177188873291,0.107014673487806,"Wh","English","English - Wh","GPT2"
21,"no-gap","whether-comp",-0.5,-0.114421963691711,0.069164814533726,"Wh","English","English - Wh","GPT2"
21,"no-gap","whether-comp",-0.5,0.118413925170898,0.177966204451186,"RC","Norwegian","Norwegian - RC","GPT2"
21,"no-gap","whether-comp",-0.5,0.440174102783203,0.135330715124439,"Wh","Norwegian","Norwegian - Wh","GPT2"
21,"gap","decl-comp",0.5,-1.38923799991608,0.107014673487806,"Wh","English","English - Wh","GPT2"
21,"gap","decl-comp",0.5,0.390961647033691,0.0938706264685657,"Wh","Norwegian","Norwegian - Wh","GPT2"
21,"gap","decl-comp",0.5,1.1569995880127,0.135608665513081,"RC","Norwegian","Norwegian - RC","GPT2"
21,"gap","whether-comp",0.5,-1.43757486343384,0.177966204451186,"RC","Norwegian","Norwegian - RC","GPT2"
21,"gap","whether-comp",0.5,-1.18442344665527,0.135330715124439,"Wh","Norwegian","Norwegian - Wh","GPT2"
21,"gap","whether-comp",0.5,0.0829319953918457,0.069164814533726,"Wh","English","English - Wh","GPT2"
22,"no-gap","decl-comp",-0.5,0.256679177284241,0.107014673487806,"Wh","English","English - Wh","GPT2"
22,"no-gap","decl-comp",-0.5,0.286400318145752,0.135608665513081,"RC","Norwegian","Norwegian - RC","GPT2"
22,"no-gap","decl-comp",-0.5,0.455959320068359,0.0938706264685657,"Wh","Norwegian","Norwegian - Wh","GPT2"
22,"no-gap","whether-comp",-0.5,-0.181555509567261,0.069164814533726,"Wh","English","English - Wh","GPT2"
22,"no-gap","whether-comp",-0.5,1.26981401443481,0.135330715124439,"Wh","Norwegian","Norwegian - Wh","GPT2"
22,"no-gap","whether-comp",-0.5,2.89967942237854,0.177966204451186,"RC","Norwegian","Norwegian - RC","GPT2"
22,"gap","decl-comp",0.5,-1.35048007965088,0.0938706264685657,"Wh","Norwegian","Norwegian - Wh","GPT2"
22,"gap","decl-comp",0.5,-1.06115913391113,0.107014673487806,"Wh","English","English - Wh","GPT2"
22,"gap","decl-comp",0.5,-0.280878067016602,0.135608665513081,"RC","Norwegian","Norwegian - RC","GPT2"
22,"gap","whether-comp",0.5,-0.589629888534548,0.069164814533726,"Wh","English","English - Wh","GPT2"
22,"gap","whether-comp",0.5,-0.520525455474854,0.135330715124439,"Wh","Norwegian","Norwegian - Wh","GPT2"
22,"gap","whether-comp",0.5,1.45428371429443,0.177966204451186,"RC","Norwegian","Norwegian - RC","GPT2"
23,"no-gap","decl-comp",-0.5,0.365095138549805,0.0938706264685657,"Wh","Norwegian","Norwegian - Wh","GPT2"
23,"no-gap","decl-comp",-0.5,0.735779285430908,0.107014673487806,"Wh","English","English - Wh","GPT2"
23,"no-gap","decl-comp",-0.5,4.41282558441162,0.135608665513081,"RC","Norwegian","Norwegian - RC","GPT2"
23,"no-gap","whether-comp",-0.5,0.334735631942749,0.069164814533726,"Wh","English","English - Wh","GPT2"
23,"no-gap","whether-comp",-0.5,1.04560804367065,0.135330715124439,"Wh","Norwegian","Norwegian - Wh","GPT2"
23,"no-gap","whether-comp",-0.5,5.33979320526123,0.177966204451186,"RC","Norwegian","Norwegian - RC","GPT2"
23,"gap","decl-comp",0.5,-3.68230772018433,0.135608665513081,"RC","Norwegian","Norwegian - RC","GPT2"
23,"gap","decl-comp",0.5,-2.1100606918335,0.107014673487806,"Wh","English","English - Wh","GPT2"
23,"gap","decl-comp",0.5,-1.3777129650116,0.0938706264685657,"Wh","Norwegian","Norwegian - Wh","GPT2"
23,"gap","whether-comp",0.5,-4.32013559341431,0.177966204451186,"RC","Norwegian","Norwegian - RC","GPT2"
23,"gap","whether-comp",0.5,-2.17004227638245,0.135330715124439,"Wh","Norwegian","Norwegian - Wh","GPT2"
23,"gap","whether-comp",0.5,-1.60648339986801,0.069164814533726,"Wh","English","English - Wh","GPT2"
24,"no-gap","decl-comp",-0.5,-0.970218658447266,0.135608665513081,"RC","Norwegian","Norwegian - RC","GPT2"
24,"no-gap","decl-comp",-0.5,0.262284874916077,0.107014673487806,"Wh","English","English - Wh","GPT2"
24,"no-gap","decl-comp",-0.5,1.43219757080078,0.0938706264685657,"Wh","Norwegian","Norwegian - Wh","GPT2"
24,"no-gap","whether-comp",-0.5,-0.143282532691956,0.069164814533726,"Wh","English","English - Wh","GPT2"
24,"no-gap","whether-comp",-0.5,0.62140846252441,0.177966204451186,"RC","Norwegian","Norwegian - RC","GPT2"
24,"no-gap","whether-comp",-0.5,3.85913467407227,0.135330715124439,"Wh","Norwegian","Norwegian - Wh","GPT2"
24,"gap","decl-comp",0.5,-1.60772848129272,0.135608665513081,"RC","Norwegian","Norwegian - RC","GPT2"
24,"gap","decl-comp",0.5,-1.36824178695679,0.107014673487806,"Wh","English","English - Wh","GPT2"
24,"gap","decl-comp",0.5,-0.872262954711914,0.0938706264685657,"Wh","Norwegian","Norwegian - Wh","GPT2"
24,"gap","whether-comp",0.5,-2.18762898445129,0.177966204451186,"RC","Norwegian","Norwegian - RC","GPT2"
24,"gap","whether-comp",0.5,-1.28269195556641,0.135330715124439,"Wh","Norwegian","Norwegian - Wh","GPT2"
24,"gap","whether-comp",0.5,-0.486808300018311,0.069164814533726,"Wh","English","English - Wh","GPT2"
25,"no-gap","decl-comp",-0.5,0.548187494277954,0.0938706264685657,"Wh","Norwegian","Norwegian - Wh","GPT2"
25,"no-gap","decl-comp",-0.5,0.75564169883728,0.107014673487806,"Wh","English","English - Wh","GPT2"
25,"no-gap","decl-comp",-0.5,1.64666032791138,0.135608665513081,"RC","Norwegian","Norwegian - RC","GPT2"
25,"no-gap","whether-comp",-0.5,0.697130441665649,0.069164814533726,"Wh","English","English - Wh","GPT2"
25,"no-gap","whether-comp",-0.5,1.80280518531799,0.135330715124439,"Wh","Norwegian","Norwegian - Wh","GPT2"
25,"no-gap","whether-comp",-0.5,2.81700253486633,0.177966204451186,"RC","Norwegian","Norwegian - RC","GPT2"
25,"gap","decl-comp",0.5,-0.744619369506836,0.135608665513081,"RC","Norwegian","Norwegian - RC","GPT2"
25,"gap","decl-comp",0.5,0.0188194513320923,0.107014673487806,"Wh","English","English - Wh","GPT2"
25,"gap","decl-comp",0.5,0.630380153656006,0.0938706264685657,"Wh","Norwegian","Norwegian - Wh","GPT2"
25,"gap","whether-comp",0.5,-1.91409516334534,0.177966204451186,"RC","Norwegian","Norwegian - RC","GPT2"
25,"gap","whether-comp",0.5,-0.657899618148804,0.135330715124439,"Wh","Norwegian","Norwegian - Wh","GPT2"
25,"gap","whether-comp",0.5,0.102462291717529,0.069164814533726,"Wh","English","English - Wh","GPT2"
26,"no-gap","decl-comp",-0.5,-0.737850189208984,0.0938706264685657,"Wh","Norwegian","Norwegian - Wh","GPT2"
26,"no-gap","decl-comp",-0.5,-0.170272827148438,0.135608665513081,"RC","Norwegian","Norwegian - RC","GPT2"
26,"no-gap","decl-comp",-0.5,0.292015910148621,0.107014673487806,"Wh","English","English - Wh","GPT2"
26,"no-gap","whether-comp",-0.5,-0.372314453125,0.177966204451186,"RC","Norwegian","Norwegian - RC","GPT2"
26,"no-gap","whether-comp",-0.5,0.16055965423584,0.069164814533726,"Wh","English","English - Wh","GPT2"
26,"no-gap","whether-comp",-0.5,0.600178241729736,0.135330715124439,"Wh","Norwegian","Norwegian - Wh","GPT2"
26,"gap","decl-comp",0.5,-1.26273113489151,0.107014673487806,"Wh","English","English - Wh","GPT2"
26,"gap","decl-comp",0.5,0.130523681640625,0.135608665513081,"RC","Norwegian","Norwegian - RC","GPT2"
26,"gap","decl-comp",0.5,0.420523166656494,0.0938706264685657,"Wh","Norwegian","Norwegian - Wh","GPT2"
26,"gap","whether-comp",0.5,-0.269581913948059,0.069164814533726,"Wh","English","English - Wh","GPT2"
26,"gap","whether-comp",0.5,-0.11720609664917,0.177966204451186,"RC","Norwegian","Norwegian - RC","GPT2"
26,"gap","whether-comp",0.5,0.40190601348877,0.135330715124439,"Wh","Norwegian","Norwegian - Wh","GPT2"
27,"no-gap","decl-comp",-0.5,-0.666559219360352,0.0938706264685657,"Wh","Norwegian","Norwegian - Wh","GPT2"
27,"no-gap","decl-comp",-0.5,-0.0417089462280273,0.135608665513081,"RC","Norwegian","Norwegian - RC","GPT2"
27,"no-gap","decl-comp",-0.5,0.31693112850189,0.107014673487806,"Wh","English","English - Wh","GPT2"
27,"no-gap","whether-comp",-0.5,-0.887557983398436,0.135330715124439,"Wh","Norwegian","Norwegian - Wh","GPT2"
27,"no-gap","whether-comp",-0.5,0.181058883666992,0.177966204451186,"RC","Norwegian","Norwegian - RC","GPT2"
27,"no-gap","whether-comp",-0.5,0.300814986228945,0.069164814533726,"Wh","English","English - Wh","GPT2"
27,"gap","decl-comp",0.5,-1.88083791732788,0.135608665513081,"RC","Norwegian","Norwegian - RC","GPT2"
27,"gap","decl-comp",0.5,-1.6794490814209,0.0938706264685657,"Wh","Norwegian","Norwegian - Wh","GPT2"
27,"gap","decl-comp",0.5,-1.5737053155899,0.107014673487806,"Wh","English","English - Wh","GPT2"
27,"gap","whether-comp",0.5,-2.71110439300537,0.177966204451186,"RC","Norwegian","Norwegian - RC","GPT2"
27,"gap","whether-comp",0.5,-2.56947326660156,0.135330715124439,"Wh","Norwegian","Norwegian - Wh","GPT2"
27,"gap","whether-comp",0.5,0.316320300102234,0.069164814533726,"Wh","English","English - Wh","GPT2"
28,"no-gap","decl-comp",-0.5,-0.391297340393066,0.135608665513081,"RC","Norwegian","Norwegian - RC","GPT2"
28,"no-gap","decl-comp",-0.5,0.784008502960205,0.107014673487806,"Wh","English","English - Wh","GPT2"
28,"no-gap","decl-comp",-0.5,1.14318561553955,0.0938706264685657,"Wh","Norwegian","Norwegian - Wh","GPT2"
28,"no-gap","whether-comp",-0.5,0.650670051574709,0.177966204451186,"RC","Norwegian","Norwegian - RC","GPT2"
28,"no-gap","whether-comp",-0.5,0.744680881500244,0.069164814533726,"Wh","English","English - Wh","GPT2"
28,"no-gap","whether-comp",-0.5,0.944552421569824,0.135330715124439,"Wh","Norwegian","Norwegian - Wh","GPT2"
28,"gap","decl-comp",0.5,-2.0886082649231,0.0938706264685657,"Wh","Norwegian","Norwegian - Wh","GPT2"
28,"gap","decl-comp",0.5,-1.1383228302002,0.135608665513081,"RC","Norwegian","Norwegian - RC","GPT2"
28,"gap","decl-comp",0.5,-1.13312339782715,0.107014673487806,"Wh","English","English - Wh","GPT2"
28,"gap","whether-comp",0.5,-1.3241331577301,0.135330715124439,"Wh","Norwegian","Norwegian - Wh","GPT2"
28,"gap","whether-comp",0.5,-1.22809684276581,0.177966204451186,"RC","Norwegian","Norwegian - RC","GPT2"
28,"gap","whether-comp",0.5,-1.21518540382385,0.069164814533726,"Wh","English","English - Wh","GPT2"
29,"no-gap","decl-comp",-0.5,0.109189987182617,0.0938706264685657,"Wh","Norwegian","Norwegian - Wh","GPT2"
29,"no-gap","decl-comp",-0.5,0.251873970031737,0.135608665513081,"RC","Norwegian","Norwegian - RC","GPT2"
29,"no-gap","decl-comp",-0.5,0.733110785484314,0.107014673487806,"Wh","English","English - Wh","GPT2"
29,"no-gap","whether-comp",-0.5,0.371186256408691,0.135330715124439,"Wh","Norwegian","Norwegian - Wh","GPT2"
29,"no-gap","whether-comp",-0.5,0.41230297088623,0.177966204451186,"RC","Norwegian","Norwegian - RC","GPT2"
29,"no-gap","whether-comp",-0.5,0.734132170677185,0.069164814533726,"Wh","English","English - Wh","GPT2"
29,"gap","decl-comp",0.5,-2.41966247558594,0.135608665513081,"RC","Norwegian","Norwegian - RC","GPT2"
29,"gap","decl-comp",0.5,-0.952110767364502,0.0938706264685657,"Wh","Norwegian","Norwegian - Wh","GPT2"
29,"gap","decl-comp",0.5,-0.61836838722229,0.107014673487806,"Wh","English","English - Wh","GPT2"
29,"gap","whether-comp",0.5,-1.9164571762085,0.177966204451186,"RC","Norwegian","Norwegian - RC","GPT2"
29,"gap","whether-comp",0.5,-1.42347192764282,0.135330715124439,"Wh","Norwegian","Norwegian - Wh","GPT2"
29,"gap","whether-comp",0.5,-0.438713788986206,0.069164814533726,"Wh","English","English - Wh","GPT2"
30,"no-gap","decl-comp",-0.5,0.477240562438967,0.0938706264685657,"Wh","Norwegian","Norwegian - Wh","GPT2"
30,"no-gap","decl-comp",-0.5,0.931603193283081,0.107014673487806,"Wh","English","English - Wh","GPT2"
30,"no-gap","decl-comp",-0.5,1.21127128601074,0.135608665513081,"RC","Norwegian","Norwegian - RC","GPT2"
30,"no-gap","whether-comp",-0.5,0.539429187774658,0.069164814533726,"Wh","English","English - Wh","GPT2"
30,"no-gap","whether-comp",-0.5,0.643205642700197,0.135330715124439,"Wh","Norwegian","Norwegian - Wh","GPT2"
30,"no-gap","whether-comp",-0.5,1.29176616668701,0.177966204451186,"RC","Norwegian","Norwegian - RC","GPT2"
30,"gap","decl-comp",0.5,-0.78381422162056,0.107014673487806,"Wh","English","English - Wh","GPT2"
30,"gap","decl-comp",0.5,0.0135068893432617,0.135608665513081,"RC","Norwegian","Norwegian - RC","GPT2"
30,"gap","decl-comp",0.5,0.605794906616211,0.0938706264685657,"Wh","Norwegian","Norwegian - Wh","GPT2"
30,"gap","whether-comp",0.5,-0.260540872812271,0.069164814533726,"Wh","English","English - Wh","GPT2"
30,"gap","whether-comp",0.5,-0.235239505767822,0.177966204451186,"RC","Norwegian","Norwegian - RC","GPT2"
30,"gap","whether-comp",0.5,0.357536792755127,0.135330715124439,"Wh","Norwegian","Norwegian - Wh","GPT2"
31,"no-gap","decl-comp",-0.5,-0.772459983825684,0.107014673487806,"Wh","English","English - Wh","GPT2"
31,"no-gap","decl-comp",-0.5,-0.173977375030518,0.0938706264685657,"Wh","Norwegian","Norwegian - Wh","GPT2"
31,"no-gap","decl-comp",-0.5,0.00763869285583496,0.135608665513081,"RC","Norwegian","Norwegian - RC","GPT2"
31,"no-gap","whether-comp",-0.5,-0.501568794250488,0.069164814533726,"Wh","English","English - Wh","GPT2"
31,"no-gap","whether-comp",-0.5,0.356583833694458,0.135330715124439,"Wh","Norwegian","Norwegian - Wh","GPT2"
31,"no-gap","whether-comp",-0.5,0.977710723876953,0.177966204451186,"RC","Norwegian","Norwegian - RC","GPT2"
31,"gap","decl-comp",0.5,-2.99051716923714,0.135608665513081,"RC","Norwegian","Norwegian - RC","GPT2"
31,"gap","decl-comp",0.5,-1.76121528446674,0.107014673487806,"Wh","English","English - Wh","GPT2"
31,"gap","decl-comp",0.5,-0.682902127504349,0.0938706264685657,"Wh","Norwegian","Norwegian - Wh","GPT2"
31,"gap","whether-comp",0.5,-3.57362818717957,0.177966204451186,"RC","Norwegian","Norwegian - RC","GPT2"
31,"gap","whether-comp",0.5,-1.61691969633102,0.135330715124439,"Wh","Norwegian","Norwegian - Wh","GPT2"
31,"gap","whether-comp",0.5,-0.848918117582798,0.069164814533726,"Wh","English","English - Wh","GPT2"
32,"no-gap","decl-comp",-0.5,0.453256607055665,0.107014673487806,"Wh","English","English - Wh","GPT2"
32,"no-gap","decl-comp",-0.5,1.24850654602051,0.0938706264685657,"Wh","Norwegian","Norwegian - Wh","GPT2"
32,"no-gap","decl-comp",-0.5,2.47228527069092,0.135608665513081,"RC","Norwegian","Norwegian - RC","GPT2"
32,"no-gap","whether-comp",-0.5,0.276310801506042,0.069164814533726,"Wh","English","English - Wh","GPT2"
32,"no-gap","whether-comp",-0.5,1.20131397247315,0.135330715124439,"Wh","Norwegian","Norwegian - Wh","GPT2"
32,"no-gap","whether-comp",-0.5,2.60550498962402,0.177966204451186,"RC","Norwegian","Norwegian - RC","GPT2"
32,"gap","decl-comp",0.5,-4.41759324073792,0.107014673487806,"Wh","English","English - Wh","GPT2"
32,"gap","decl-comp",0.5,-2.51895236968994,0.135608665513081,"RC","Norwegian","Norwegian - RC","GPT2"
32,"gap","decl-comp",0.5,-2.18811798095703,0.0938706264685657,"Wh","Norwegian","Norwegian - Wh","GPT2"
32,"gap","whether-comp",0.5,-2.77697467803955,0.177966204451186,"RC","Norwegian","Norwegian - RC","GPT2"
32,"gap","whether-comp",0.5,-2.2615008354187,0.135330715124439,"Wh","Norwegian","Norwegian - Wh","GPT2"
32,"gap","whether-comp",0.5,-1.61267232894897,0.069164814533726,"Wh","English","English - Wh","GPT2"
33,"no-gap","decl-comp",-0.5,0.570826768875122,0.0938706264685657,"Wh","Norwegian","Norwegian - Wh","GPT2"
33,"no-gap","decl-comp",-0.5,1.46509087085724,0.107014673487806,"Wh","English","English - Wh","GPT2"
33,"no-gap","decl-comp",-0.5,1.50998425483704,0.135608665513081,"RC","Norwegian","Norwegian - RC","GPT2"
33,"no-gap","whether-comp",-0.5,0.568414211273193,0.069164814533726,"Wh","English","English - Wh","GPT2"
33,"no-gap","whether-comp",-0.5,0.934484720230103,0.135330715124439,"Wh","Norwegian","Norwegian - Wh","GPT2"
33,"no-gap","whether-comp",-0.5,1.9734218120575,0.177966204451186,"RC","Norwegian","Norwegian - RC","GPT2"
33,"gap","decl-comp",0.5,-3.75395047664642,0.0938706264685657,"Wh","Norwegian","Norwegian - Wh","GPT2"
33,"gap","decl-comp",0.5,-3.60042142868042,0.107014673487806,"Wh","English","English - Wh","GPT2"
33,"gap","decl-comp",0.5,-3.18873620033264,0.135608665513081,"RC","Norwegian","Norwegian - RC","GPT2"
33,"gap","whether-comp",0.5,-3.2927782535553,0.135330715124439,"Wh","Norwegian","Norwegian - Wh","GPT2"
33,"gap","whether-comp",0.5,-2.19139981269836,0.177966204451186,"RC","Norwegian","Norwegian - RC","GPT2"
33,"gap","whether-comp",0.5,-1.14697027206421,0.069164814533726,"Wh","English","English - Wh","GPT2"
34,"no-gap","decl-comp",-0.5,-0.182603716850281,0.107014673487806,"Wh","English","English - Wh","GPT2"
34,"no-gap","decl-comp",-0.5,-0.143612861633301,0.0938706264685657,"Wh","Norwegian","Norwegian - Wh","GPT2"
34,"no-gap","decl-comp",-0.5,0.198382377624512,0.135608665513081,"RC","Norwegian","Norwegian - RC","GPT2"
34,"no-gap","whether-comp",-0.5,-0.32252049446106,0.069164814533726,"Wh","English","English - Wh","GPT2"
34,"no-gap","whether-comp",-0.5,-0.128996849060059,0.135330715124439,"Wh","Norwegian","Norwegian - Wh","GPT2"
34,"no-gap","whether-comp",-0.5,0.126765251159668,0.177966204451186,"RC","Norwegian","Norwegian - RC","GPT2"
34,"gap","decl-comp",0.5,-1.05628204345703,0.135608665513081,"RC","Norwegian","Norwegian - RC","GPT2"
34,"gap","decl-comp",0.5,-0.613049805164337,0.107014673487806,"Wh","English","English - Wh","GPT2"
34,"gap","decl-comp",0.5,1.0020923614502,0.0938706264685657,"Wh","Norwegian","Norwegian - Wh","GPT2"
34,"gap","whether-comp",0.5,-0.619447648525238,0.069164814533726,"Wh","English","English - Wh","GPT2"
34,"gap","whether-comp",0.5,0.754108190536499,0.177966204451186,"RC","Norwegian","Norwegian - RC","GPT2"
34,"gap","whether-comp",0.5,1.14962697029114,0.135330715124439,"Wh","Norwegian","Norwegian - Wh","GPT2"
35,"no-gap","decl-comp",-0.5,0.491799592971802,0.135608665513081,"RC","Norwegian","Norwegian - RC","GPT2"
35,"no-gap","decl-comp",-0.5,0.592396140098572,0.107014673487806,"Wh","English","English - Wh","GPT2"
35,"no-gap","decl-comp",-0.5,0.890614032745361,0.0938706264685657,"Wh","Norwegian","Norwegian - Wh","GPT2"
35,"no-gap","whether-comp",-0.5,-0.121222019195557,0.177966204451186,"RC","Norwegian","Norwegian - RC","GPT2"
35,"no-gap","whether-comp",-0.5,0.697179794311524,0.135330715124439,"Wh","Norwegian","Norwegian - Wh","GPT2"
35,"no-gap","whether-comp",-0.5,1.02517628669739,0.069164814533726,"Wh","English","English - Wh","GPT2"
35,"gap","decl-comp",0.5,0.420509457588196,0.107014673487806,"Wh","English","English - Wh","GPT2"
35,"gap","decl-comp",0.5,0.665141344070438,0.0938706264685657,"Wh","Norwegian","Norwegian - Wh","GPT2"
35,"gap","decl-comp",0.5,0.712978839874268,0.135608665513081,"RC","Norwegian","Norwegian - RC","GPT2"
35,"gap","whether-comp",0.5,0.0453312397003138,0.135330715124439,"Wh","Norwegian","Norwegian - Wh","GPT2"
35,"gap","whether-comp",0.5,0.04911208152771,0.177966204451186,"RC","Norwegian","Norwegian - RC","GPT2"
35,"gap","whether-comp",0.5,0.521105408668518,0.069164814533726,"Wh","English","English - Wh","GPT2"
36,"no-gap","decl-comp",-0.5,0.333592891693115,0.107014673487806,"Wh","English","English - Wh","GPT2"
36,"no-gap","decl-comp",-0.5,0.538616180419922,0.0938706264685657,"Wh","Norwegian","Norwegian - Wh","GPT2"
36,"no-gap","decl-comp",-0.5,1.44828748703003,0.135608665513081,"RC","Norwegian","Norwegian - RC","GPT2"
36,"no-gap","whether-comp",-0.5,0.394642114639281,0.069164814533726,"Wh","English","English - Wh","GPT2"
36,"no-gap","whether-comp",-0.5,1.33051061630249,0.135330715124439,"Wh","Norwegian","Norwegian - Wh","GPT2"
36,"no-gap","whether-comp",-0.5,4.07872724533081,0.177966204451186,"RC","Norwegian","Norwegian - RC","GPT2"
36,"gap","decl-comp",0.5,-1.81968212127686,0.135608665513081,"RC","Norwegian","Norwegian - RC","GPT2"
36,"gap","decl-comp",0.5,-1.22718954086304,0.107014673487806,"Wh","English","English - Wh","GPT2"
36,"gap","decl-comp",0.5,-0.703263759613037,0.0938706264685657,"Wh","Norwegian","Norwegian - Wh","GPT2"
36,"gap","whether-comp",0.5,-1.74274373054504,0.177966204451186,"RC","Norwegian","Norwegian - RC","GPT2"
36,"gap","whether-comp",0.5,-0.997992515563965,0.069164814533726,"Wh","English","English - Wh","GPT2"
36,"gap","whether-comp",0.5,0.169801712036133,0.135330715124439,"Wh","Norwegian","Norwegian - Wh","GPT2"
37,"no-gap","decl-comp",-0.5,-0.287312030792236,0.0938706264685657,"Wh","Norwegian","Norwegian - Wh","GPT2"
37,"no-gap","decl-comp",-0.5,-0.0871478319168095,0.107014673487806,"Wh","English","English - Wh","GPT2"
37,"no-gap","decl-comp",-0.5,5.23811173439026,0.135608665513081,"RC","Norwegian","Norwegian - RC","GPT2"
37,"no-gap","whether-comp",-0.5,-0.179018378257752,0.135330715124439,"Wh","Norwegian","Norwegian - Wh","GPT2"
37,"no-gap","whether-comp",-0.5,0.0284384489059448,0.069164814533726,"Wh","English","English - Wh","GPT2"
37,"no-gap","whether-comp",-0.5,7.14640092849731,0.177966204451186,"RC","Norwegian","Norwegian - RC","GPT2"
37,"gap","decl-comp",0.5,-1.8062801361084,0.135608665513081,"RC","Norwegian","Norwegian - RC","GPT2"
37,"gap","decl-comp",0.5,-1.18878960609436,0.107014673487806,"Wh","English","English - Wh","GPT2"
37,"gap","decl-comp",0.5,-0.556477069854736,0.0938706264685657,"Wh","Norwegian","Norwegian - Wh","GPT2"
37,"gap","whether-comp",0.5,-0.78710150718689,0.069164814533726,"Wh","English","English - Wh","GPT2"
37,"gap","whether-comp",0.5,-0.68346118927002,0.177966204451186,"RC","Norwegian","Norwegian - RC","GPT2"
37,"gap","whether-comp",0.5,-0.254495620727539,0.135330715124439,"Wh","Norwegian","Norwegian - Wh","GPT2"
38,"no-gap","decl-comp",-0.5,-0.259421825408936,0.0938706264685657,"Wh","Norwegian","Norwegian - Wh","GPT2"
38,"no-gap","decl-comp",-0.5,0.514986991882324,0.135608665513081,"RC","Norwegian","Norwegian - RC","GPT2"
38,"no-gap","decl-comp",-0.5,0.525921165943146,0.107014673487806,"Wh","English","English - Wh","GPT2"
38,"no-gap","whether-comp",-0.5,-0.0687129497528076,0.069164814533726,"Wh","English","English - Wh","GPT2"
38,"no-gap","whether-comp",-0.5,0.410747051239014,0.135330715124439,"Wh","Norwegian","Norwegian - Wh","GPT2"
38,"no-gap","whether-comp",-0.5,1.75088834762573,0.177966204451186,"RC","Norwegian","Norwegian - RC","GPT2"
38,"gap","decl-comp",0.5,-3.53254318237305,0.0938706264685657,"Wh","Norwegian","Norwegian - Wh","GPT2"
38,"gap","decl-comp",0.5,-2.17496395111084,0.135608665513081,"RC","Norwegian","Norwegian - RC","GPT2"
38,"gap","decl-comp",0.5,-1.69607996940613,0.107014673487806,"Wh","English","English - Wh","GPT2"
38,"gap","whether-comp",0.5,-5.98428773880005,0.135330715124439,"Wh","Norwegian","Norwegian - Wh","GPT2"
38,"gap","whether-comp",0.5,-3.82440376281738,0.177966204451186,"RC","Norwegian","Norwegian - RC","GPT2"
38,"gap","whether-comp",0.5,-0.267524510622025,0.069164814533726,"Wh","English","English - Wh","GPT2"
39,"no-gap","decl-comp",-0.5,-0.013862133026123,0.0938706264685657,"Wh","Norwegian","Norwegian - Wh","GPT2"
39,"no-gap","decl-comp",-0.5,0.330199241638184,0.135608665513081,"RC","Norwegian","Norwegian - RC","GPT2"
39,"no-gap","decl-comp",-0.5,0.444869041442871,0.107014673487806,"Wh","English","English - Wh","GPT2"
39,"no-gap","whether-comp",-0.5,0.15585470199585,0.069164814533726,"Wh","English","English - Wh","GPT2"
39,"no-gap","whether-comp",-0.5,2.45100116729736,0.135330715124439,"Wh","Norwegian","Norwegian - Wh","GPT2"
39,"no-gap","whether-comp",-0.5,4.38230895996094,0.177966204451186,"RC","Norwegian","Norwegian - RC","GPT2"
39,"gap","decl-comp",0.5,-1.00133085250854,0.0938706264685657,"Wh","Norwegian","Norwegian - Wh","GPT2"
39,"gap","decl-comp",0.5,-0.925070881843567,0.107014673487806,"Wh","English","English - Wh","GPT2"
39,"gap","decl-comp",0.5,-0.571607828140259,0.135608665513081,"RC","Norwegian","Norwegian - RC","GPT2"
39,"gap","whether-comp",0.5,-2.4132571220398,0.135330715124439,"Wh","Norwegian","Norwegian - Wh","GPT2"
39,"gap","whether-comp",0.5,-0.681961536407471,0.177966204451186,"RC","Norwegian","Norwegian - RC","GPT2"
39,"gap","whether-comp",0.5,-0.0931906700134277,0.069164814533726,"Wh","English","English - Wh","GPT2"
40,"no-gap","decl-comp",-0.5,-0.14561653137207,0.135608665513081,"RC","Norwegian","Norwegian - RC","GPT2"
40,"no-gap","decl-comp",-0.5,0.364183604717253,0.107014673487806,"Wh","English","English - Wh","GPT2"
40,"no-gap","decl-comp",-0.5,0.427102088928223,0.0938706264685657,"Wh","Norwegian","Norwegian - Wh","GPT2"
40,"no-gap","whether-comp",-0.5,-0.149044454097748,0.069164814533726,"Wh","English","English - Wh","GPT2"
40,"no-gap","whether-comp",-0.5,0.15068244934082,0.177966204451186,"RC","Norwegian","Norwegian - RC","GPT2"
40,"no-gap","whether-comp",-0.5,1.18444538116455,0.135330715124439,"Wh","Norwegian","Norwegian - Wh","GPT2"
40,"gap","decl-comp",0.5,-2.07566857337952,0.107014673487806,"Wh","English","English - Wh","GPT2"
40,"gap","decl-comp",0.5,-1.75726509094238,0.135608665513081,"RC","Norwegian","Norwegian - RC","GPT2"
40,"gap","decl-comp",0.5,-0.860052585601808,0.0938706264685657,"Wh","Norwegian","Norwegian - Wh","GPT2"
40,"gap","whether-comp",0.5,-2.79330062866211,0.177966204451186,"RC","Norwegian","Norwegian - RC","GPT2"
40,"gap","whether-comp",0.5,-1.95236301422119,0.135330715124439,"Wh","Norwegian","Norwegian - Wh","GPT2"
40,"gap","whether-comp",0.5,-0.91323983669281,0.069164814533726,"Wh","English","English - Wh","GPT2"
41,"no-gap","decl-comp",-0.5,0.246904373168945,0.0938706264685657,"Wh","Norwegian","Norwegian - Wh","GPT2"
41,"no-gap","decl-comp",-0.5,0.26578426361084,0.135608665513081,"RC","Norwegian","Norwegian - RC","GPT2"
41,"no-gap","decl-comp",-0.5,1.8961877822876,0.107014673487806,"Wh","English","English - Wh","GPT2"
41,"no-gap","whether-comp",-0.5,0.0381059646606445,0.135330715124439,"Wh","Norwegian","Norwegian - Wh","GPT2"
41,"no-gap","whether-comp",-0.5,0.147213459014893,0.177966204451186,"RC","Norwegian","Norwegian - RC","GPT2"
41,"no-gap","whether-comp",-0.5,0.920218586921692,0.069164814533726,"Wh","English","English - Wh","GPT2"
41,"gap","decl-comp",0.5,-3.92452907562256,0.107014673487806,"Wh","English","English - Wh","GPT2"
41,"gap","decl-comp",0.5,0.185214638710022,0.0938706264685657,"Wh","Norwegian","Norwegian - Wh","GPT2"
41,"gap","decl-comp",0.5,0.29818856716156,0.135608665513081,"RC","Norwegian","Norwegian - RC","GPT2"
41,"gap","whether-comp",0.5,-3.49073600769043,0.069164814533726,"Wh","English","English - Wh","GPT2"
41,"gap","whether-comp",0.5,0.922914147377018,0.177966204451186,"RC","Norwegian","Norwegian - RC","GPT2"
41,"gap","whether-comp",0.5,1.23131489753723,0.135330715124439,"Wh","Norwegian","Norwegian - Wh","GPT2"
42,"no-gap","decl-comp",-0.5,0.27916431427002,0.0938706264685657,"Wh","Norwegian","Norwegian - Wh","GPT2"
42,"no-gap","decl-comp",-0.5,1.3694634437561,0.135608665513081,"RC","Norwegian","Norwegian - RC","GPT2"
42,"no-gap","decl-comp",-0.5,2.0829119682312,0.107014673487806,"Wh","English","English - Wh","GPT2"
42,"no-gap","whether-comp",-0.5,0.161864280700685,0.135330715124439,"Wh","Norwegian","Norwegian - Wh","GPT2"
42,"no-gap","whether-comp",-0.5,1.1705949306488,0.069164814533726,"Wh","English","English - Wh","GPT2"
42,"no-gap","whether-comp",-0.5,1.2094554901123,0.177966204451186,"RC","Norwegian","Norwegian - RC","GPT2"
42,"gap","decl-comp",0.5,-1.29630672931671,0.107014673487806,"Wh","English","English - Wh","GPT2"
42,"gap","decl-comp",0.5,-0.737103462219238,0.135608665513081,"RC","Norwegian","Norwegian - RC","GPT2"
42,"gap","decl-comp",0.5,0.28153133392334,0.0938706264685657,"Wh","Norwegian","Norwegian - Wh","GPT2"
42,"gap","whether-comp",0.5,-1.64474248886108,0.069164814533726,"Wh","English","English - Wh","GPT2"
42,"gap","whether-comp",0.5,-0.667460441589355,0.177966204451186,"RC","Norwegian","Norwegian - RC","GPT2"
42,"gap","whether-comp",0.5,-0.341472148895264,0.135330715124439,"Wh","Norwegian","Norwegian - Wh","GPT2"
43,"no-gap","decl-comp",-0.5,-1.25002384185791,0.0938706264685657,"Wh","Norwegian","Norwegian - Wh","GPT2"
43,"no-gap","decl-comp",-0.5,0.00830364227294922,0.135608665513081,"RC","Norwegian","Norwegian - RC","GPT2"
43,"no-gap","decl-comp",-0.5,0.586222648620605,0.107014673487806,"Wh","English","English - Wh","GPT2"
43,"no-gap","whether-comp",-0.5,-1.34339952468872,0.135330715124439,"Wh","Norwegian","Norwegian - Wh","GPT2"
43,"no-gap","whether-comp",-0.5,-0.130532264709473,0.177966204451186,"RC","Norwegian","Norwegian - RC","GPT2"
43,"no-gap","whether-comp",-0.5,0.660287857055664,0.069164814533726,"Wh","English","English - Wh","GPT2"
43,"gap","decl-comp",0.5,-1.23750448226929,0.135608665513081,"RC","Norwegian","Norwegian - RC","GPT2"
43,"gap","decl-comp",0.5,-0.500266075134277,0.107014673487806,"Wh","English","English - Wh","GPT2"
43,"gap","decl-comp",0.5,-0.454434871673584,0.0938706264685657,"Wh","Norwegian","Norwegian - Wh","GPT2"
43,"gap","whether-comp",0.5,-0.409524083137512,0.069164814533726,"Wh","English","English - Wh","GPT2"
43,"gap","whether-comp",0.5,-0.282328605651855,0.135330715124439,"Wh","Norwegian","Norwegian - Wh","GPT2"
43,"gap","whether-comp",0.5,-0.242237567901611,0.177966204451186,"RC","Norwegian","Norwegian - RC","GPT2"
44,"no-gap","decl-comp",-0.5,0.510316848754883,0.135608665513081,"RC","Norwegian","Norwegian - RC","GPT2"
44,"no-gap","decl-comp",-0.5,1.0774621963501,0.0938706264685657,"Wh","Norwegian","Norwegian - Wh","GPT2"
44,"no-gap","decl-comp",-0.5,1.41850852966309,0.107014673487806,"Wh","English","English - Wh","GPT2"
44,"no-gap","whether-comp",-0.5,0.134175300598145,0.069164814533726,"Wh","English","English - Wh","GPT2"
44,"no-gap","whether-comp",-0.5,0.74408531188965,0.177966204451186,"RC","Norwegian","Norwegian - RC","GPT2"
44,"no-gap","whether-comp",-0.5,2.61481666564941,0.135330715124439,"Wh","Norwegian","Norwegian - Wh","GPT2"
44,"gap","decl-comp",0.5,-1.62193143367767,0.107014673487806,"Wh","English","English - Wh","GPT2"
44,"gap","decl-comp",0.5,-0.0583839416503906,0.0938706264685657,"Wh","Norwegian","Norwegian - Wh","GPT2"
44,"gap","decl-comp",0.5,0.862947463989258,0.135608665513081,"RC","Norwegian","Norwegian - RC","GPT2"
44,"gap","whether-comp",0.5,-0.865875005722046,0.069164814533726,"Wh","English","English - Wh","GPT2"
44,"gap","whether-comp",0.5,-0.538207530975342,0.135330715124439,"Wh","Norwegian","Norwegian - Wh","GPT2"
44,"gap","whether-comp",0.5,-0.203729152679443,0.177966204451186,"RC","Norwegian","Norwegian - RC","GPT2"
45,"no-gap","decl-comp",-0.5,0.438024878501892,0.107014673487806,"Wh","English","English - Wh","GPT2"
45,"no-gap","decl-comp",-0.5,0.621133327484131,0.0938706264685657,"Wh","Norwegian","Norwegian - Wh","GPT2"
45,"no-gap","decl-comp",-0.5,1.41599655151367,0.135608665513081,"RC","Norwegian","Norwegian - RC","GPT2"
45,"no-gap","whether-comp",-0.5,-0.1765958070755,0.069164814533726,"Wh","English","English - Wh","GPT2"
45,"no-gap","whether-comp",-0.5,2.97763681411743,0.135330715124439,"Wh","Norwegian","Norwegian - Wh","GPT2"
45,"no-gap","whether-comp",-0.5,5.04820203781128,0.177966204451186,"RC","Norwegian","Norwegian - RC","GPT2"
45,"gap","decl-comp",0.5,-1.41862630844116,0.135608665513081,"RC","Norwegian","Norwegian - RC","GPT2"
45,"gap","decl-comp",0.5,-0.981184363365173,0.0938706264685657,"Wh","Norwegian","Norwegian - Wh","GPT2"
45,"gap","decl-comp",0.5,0.0460742712020874,0.107014673487806,"Wh","English","English - Wh","GPT2"
45,"gap","whether-comp",0.5,-2.27787923812866,0.177966204451186,"RC","Norwegian","Norwegian - RC","GPT2"
45,"gap","whether-comp",0.5,0.679877877235413,0.069164814533726,"Wh","English","English - Wh","GPT2"
45,"gap","whether-comp",0.5,1.20645904541015,0.135330715124439,"Wh","Norwegian","Norwegian - Wh","GPT2"
46,"no-gap","decl-comp",-0.5,-0.603327751159667,0.107014673487806,"Wh","English","English - Wh","GPT2"
46,"no-gap","decl-comp",-0.5,-0.134162902832031,0.135608665513081,"RC","Norwegian","Norwegian - RC","GPT2"
46,"no-gap","decl-comp",-0.5,0.0359177589416504,0.0938706264685657,"Wh","Norwegian","Norwegian - Wh","GPT2"
46,"no-gap","whether-comp",-0.5,-0.469887733459473,0.069164814533726,"Wh","English","English - Wh","GPT2"
46,"no-gap","whether-comp",-0.5,1.00484943389893,0.177966204451186,"RC","Norwegian","Norwegian - RC","GPT2"
46,"no-gap","whether-comp",-0.5,1.805100440979,0.135330715124439,"Wh","Norwegian","Norwegian - Wh","GPT2"
46,"gap","decl-comp",0.5,-4.20016932487488,0.135608665513081,"RC","Norwegian","Norwegian - RC","GPT2"
46,"gap","decl-comp",0.5,-4.06206655502319,0.107014673487806,"Wh","English","English - Wh","GPT2"
46,"gap","decl-comp",0.5,-2.81994962692261,0.0938706264685657,"Wh","Norwegian","Norwegian - Wh","GPT2"
46,"gap","whether-comp",0.5,-6.06543564796448,0.177966204451186,"RC","Norwegian","Norwegian - RC","GPT2"
46,"gap","whether-comp",0.5,-5.66856384277344,0.135330715124439,"Wh","Norwegian","Norwegian - Wh","GPT2"
46,"gap","whether-comp",0.5,-0.85284098982811,0.069164814533726,"Wh","English","English - Wh","GPT2"
47,"no-gap","decl-comp",-0.5,0.177764177322388,0.0938706264685657,"Wh","Norwegian","Norwegian - Wh","GPT2"
47,"no-gap","decl-comp",-0.5,0.3764967918396,0.135608665513081,"RC","Norwegian","Norwegian - RC","GPT2"
47,"no-gap","decl-comp",-0.5,0.439252555370331,0.107014673487806,"Wh","English","English - Wh","GPT2"
47,"no-gap","whether-comp",-0.5,-0.460356235504151,0.135330715124439,"Wh","Norwegian","Norwegian - Wh","GPT2"
47,"no-gap","whether-comp",-0.5,-0.370712518692017,0.177966204451186,"RC","Norwegian","Norwegian - RC","GPT2"
47,"no-gap","whether-comp",-0.5,0.363900721073151,0.069164814533726,"Wh","English","English - Wh","GPT2"
47,"gap","decl-comp",0.5,-4.09981060028076,0.135608665513081,"RC","Norwegian","Norwegian - RC","GPT2"
47,"gap","decl-comp",0.5,-2.48095178604126,0.0938706264685657,"Wh","Norwegian","Norwegian - Wh","GPT2"
47,"gap","decl-comp",0.5,-0.534125924110413,0.107014673487806,"Wh","English","English - Wh","GPT2"
47,"gap","whether-comp",0.5,-5.01970863342285,0.177966204451186,"RC","Norwegian","Norwegian - RC","GPT2"
47,"gap","whether-comp",0.5,-3.81928682327271,0.135330715124439,"Wh","Norwegian","Norwegian - Wh","GPT2"
47,"gap","whether-comp",0.5,-0.479190230369568,0.069164814533726,"Wh","English","English - Wh","GPT2"
48,"no-gap","decl-comp",-0.5,0.466729134321209,0.0938706264685657,"Wh","Norwegian","Norwegian - Wh","GPT2"
48,"no-gap","decl-comp",-0.5,0.998044371604921,0.135608665513081,"RC","Norwegian","Norwegian - RC","GPT2"
48,"no-gap","decl-comp",-0.5,1.7357172369957,0.107014673487806,"Wh","English","English - Wh","GPT2"
48,"no-gap","whether-comp",-0.5,-0.144867479801178,0.135330715124439,"Wh","Norwegian","Norwegian - Wh","GPT2"
48,"no-gap","whether-comp",-0.5,0.037266254425047,0.069164814533726,"Wh","English","English - Wh","GPT2"
48,"no-gap","whether-comp",-0.5,1.22162568569183,0.177966204451186,"RC","Norwegian","Norwegian - RC","GPT2"
48,"gap","decl-comp",0.5,-2.11121797561646,0.135608665513081,"RC","Norwegian","Norwegian - RC","GPT2"
48,"gap","decl-comp",0.5,-1.29031097888947,0.107014673487806,"Wh","English","English - Wh","GPT2"
48,"gap","decl-comp",0.5,-1.09651184082031,0.0938706264685657,"Wh","Norwegian","Norwegian - Wh","GPT2"
48,"gap","whether-comp",0.5,-3.55083441734314,0.177966204451186,"RC","Norwegian","Norwegian - RC","GPT2"
48,"gap","whether-comp",0.5,-1.0288872718811,0.135330715124439,"Wh","Norwegian","Norwegian - Wh","GPT2"
48,"gap","whether-comp",0.5,-0.586983323097229,0.069164814533726,"Wh","English","English - Wh","GPT2"
49,"no-gap","decl-comp",-0.5,1.32674598693848,0.0938706264685657,"Wh","Norwegian","Norwegian - Wh","GPT2"
49,"no-gap","decl-comp",-0.5,1.49733638763428,0.107014673487806,"Wh","English","English - Wh","GPT2"
49,"no-gap","decl-comp",-0.5,1.51692390441895,0.135608665513081,"RC","Norwegian","Norwegian - RC","GPT2"
49,"no-gap","whether-comp",-0.5,0.0397930145263707,0.069164814533726,"Wh","English","English - Wh","GPT2"
49,"no-gap","whether-comp",-0.5,1.16101455688477,0.135330715124439,"Wh","Norwegian","Norwegian - Wh","GPT2"
49,"no-gap","whether-comp",-0.5,1.46281814575195,0.177966204451186,"RC","Norwegian","Norwegian - RC","GPT2"
49,"gap","decl-comp",0.5,-3.30825889110565,0.107014673487806,"Wh","English","English - Wh","GPT2"
49,"gap","decl-comp",0.5,0.21748161315918,0.135608665513081,"RC","Norwegian","Norwegian - RC","GPT2"
49,"gap","decl-comp",0.5,0.625865936279297,0.0938706264685657,"Wh","Norwegian","Norwegian - Wh","GPT2"
49,"gap","whether-comp",0.5,-1.56332433223724,0.069164814533726,"Wh","English","English - Wh","GPT2"
49,"gap","whether-comp",0.5,-1.31037759780884,0.135330715124439,"Wh","Norwegian","Norwegian - Wh","GPT2"
49,"gap","whether-comp",0.5,-0.797715663909912,0.177966204451186,"RC","Norwegian","Norwegian - RC","GPT2"
